transaction_id,amount,customer_id,product_id,sale_date
TXN001,150.50,CUST001,PROD001,2024-01-01
TXN002,200.00,CUST002,PROD002,2024-01-02
TXN003,75.25,CUST001,PROD003,2024-01-03
TXN004,99.00,CUST002,PROD001,2024-01-04
TXN005,,CUST003,PROD002,2024-01-05
TXN006,125.00,CUST003,PROD003,2024-01-06
TXN007,450.75,CUST001,PROD001,2024-01-07
TXN008,89.99,CUST004,PROD002,2024-01-08
TXN009,215.00,CUST002,PROD003,2024-01-09
TXN010,340.00,CUST004,PROD001,2024-01-10
TXN001,150.50,CUST001,PROD001,2024-01-01
TXN012,,CUST001,PROD002,2024-01-12
TXN013,180.00,CUST003,PROD002,2024-01-13
TXN003,75.25,CUST001,PROD003,2024-01-03
TXN015,,CUST002,PROD003,2024-01-15
TXN016,240.00,CUST002,PROD002,2024-01-16
TXN017,195.00,CUST004,PROD003,2024-01-17
TXN018,110.00,CUST003,PROD001,2024-01-18
TXN019,280.00,CUST002,PROD001,2024-01-19
TXN020,165.00,CUST004,PROD002,2024-01-20
